"","Gambar produk","Tindakan","Produk","Lokasi Bisnis","Harga Pembelian Satuan","Harga penjualan","Stok saat ini","Jenis Produk","Kategori","Merek","Pajak","SKU"
"","","TindakanToggle Dropdown Label Melihat Edit Hapus Tambah & edit stok awal Riwayat stok produk Produk diduplikasi","Atasan Seragam HW Pembina Putri","Kedai HW","Rp 100,000.00","Rp 130,000.00","89.00 Pieces","Tunggal","","","","20989"
"","","TindakanToggle Dropdown Label Melihat Edit Hapus Tambah & edit stok awal Riwayat stok produk Produk diduplikasi","Badge Bendera Bordir Kecil","Kedai HW","Rp 750.00","Rp 1,607.18","880.00 Pieces","Tunggal","","","","1000"
"","","TindakanToggle Dropdown Label Melihat Edit Hapus Tambah & edit stok awal Riwayat stok produk Produk diduplikasi","Badge Bordir IPM","Kedai HW","Rp 3,500.00","Rp 5,000.00","480.00 Pieces","Tunggal","","","","Badge Bordir IPM"
"","","TindakanToggle Dropdown Label Melihat Edit Hapus Tambah & edit stok awal Riwayat stok produk Produk diduplikasi","Badge Kwarwil Custom Bordir","Kedai HW","Rp 5,000.00","Rp 5,000.00","9,414.00 Pieces","Tunggal","","","","0284"
"","","TindakanToggle Dropdown Label Melihat Edit Hapus Tambah & edit stok awal Riwayat stok produk Produk diduplikasi","Badge Kwarwil Jateng Bordir Full","Kedai HW","Rp 5,000.00","Rp 5,000.00","8,638.00 Pieces","Tunggal","","","","0133"
"","","TindakanToggle Dropdown Label Melihat Edit Hapus Tambah & edit stok awal Riwayat stok produk Produk diduplikasi","Badge Kwarwil Jateng Bordir Seri B","Kedai HW","Rp 4,000.00","Rp 4,000.00","8,753.00 Pieces","Tunggal","","","","0134"
"","","TindakanToggle Dropdown Label Melihat Edit Hapus Tambah & edit stok awal Riwayat stok produk Produk diduplikasi","Badge Tanda Kerabat Penghela","Kedai HW","Rp 3,000.00","Rp 3,000.00","738.00 Pieces","Tunggal","","","","0210"
"","","TindakanToggle Dropdown Label Melihat Edit Hapus Tambah & edit stok awal Riwayat stok produk Produk diduplikasi","Badge Tanda Kerabat Penghela Jumbo","Kedai HW","Rp 4,000.00","Rp 4,000.00","998.00 Pieces","Tunggal","","","","0211"
"","","TindakanToggle Dropdown Label Melihat Edit Hapus Tambah & edit stok awal Riwayat stok produk Produk diduplikasi","Badge TKT Tunas Athfal","Kedai HW","Rp 3,000.00","Rp 3,000.00","950.00 Pieces","Tunggal","","","","0261"
"","","TindakanToggle Dropdown Label Melihat Edit Hapus Tambah & edit stok awal Riwayat stok produk Produk diduplikasi","Bahan Kain Baju Seri A","Kedai HW","Rp 52,000.00","Rp 52,000.00","993.00 Pieces","Tunggal","","","","0240"
"","","TindakanToggle Dropdown Label Melihat Edit Hapus Tambah & edit stok awal Riwayat stok produk Produk diduplikasi","Bahan Kain Baju Seri A 0,5 M","Kedai HW","Rp 26,000.00","Rp 26,000.00","1,000.00 Pieces","Tunggal","","","","0241"
"","","TindakanToggle Dropdown Label Melihat Edit Hapus Tambah & edit stok awal Riwayat stok produk Produk diduplikasi","Bahan Kain Baju Seri B","Kedai HW","Rp 42,000.00","Rp 42,000.00","929.00 Pieces","Tunggal","","","","0242"
"","","TindakanToggle Dropdown Label Melihat Edit Hapus Tambah & edit stok awal Riwayat stok produk Produk diduplikasi","Bahan Kain Baju Seri B 0,5 M","Kedai HW","Rp 21,000.00","Rp 21,000.00","999.00 Pieces","Tunggal","","","","0243"
"","","TindakanToggle Dropdown Label Melihat Edit Hapus Tambah & edit stok awal Riwayat stok produk Produk diduplikasi Brosur produk","Bahan Kain Celana HW SERI A","Kedai HW","Rp 52,000.00","Rp 52,000.00","973.00 Pieces","Tunggal","","","","1332"
"","","TindakanToggle Dropdown Label Melihat Edit Hapus Tambah & edit stok awal Riwayat stok produk Produk diduplikasi Brosur produk","Bahan Kain Celana HW SERI A 0,5 M","Kedai HW","Rp 26,000.00","Rp 26,000.00","999.00 Pieces","Tunggal","","","","1333"
"","","TindakanToggle Dropdown Label Melihat Edit Hapus Tambah & edit stok awal Riwayat stok produk Produk diduplikasi","Bahan Kain Celana Seri B","Kedai HW","Rp 35,000.00","Rp 42,000.00","98.00 Pieces","Tunggal","","","","12331"
"","","TindakanToggle Dropdown Label Melihat Edit Hapus Tambah & edit stok awal Riwayat stok produk Produk diduplikasi","Bahan Kain Ero/ Arrow Seri C","Kedai HW","Rp 25,000.00","Rp 25,000.00","1,000.00 Pieces","Tunggal","","","","0238"
"","","TindakanToggle Dropdown Label Melihat Edit Hapus Tambah & edit stok awal Riwayat stok produk Produk diduplikasi","Bahan Kain Ero/ Arrow Seri C 0,5 M","Kedai HW","Rp 12,500.00","Rp 12,500.00","1,000.00 Pieces","Tunggal","","","","0239"
"","","TindakanToggle Dropdown Label Melihat Edit Hapus Tambah & edit stok awal Riwayat stok produk Produk diduplikasi","Baju Athfal Putra Seri A","Kedai HW","Rp 95,000.00","Rp 95,000.00","1,000.00 Pieces","Tunggal","","","","0089"
"","","TindakanToggle Dropdown Label Melihat Edit Hapus Tambah & edit stok awal Riwayat stok produk Produk diduplikasi","Baju Athfal Putra Seri B","Kedai HW","Rp 90,000.00","Rp 112,500.00","1,000.00 Pieces","Tunggal","","","","0090"
"","","TindakanToggle Dropdown Label Melihat Edit Hapus Tambah & edit stok awal Riwayat stok produk Produk diduplikasi","Baju Athfal Putra Seri C","Kedai HW","Rp 60,000.00","Rp 60,000.00","998.00 Pieces","Tunggal","","","","0091"
"","","TindakanToggle Dropdown Label Melihat Edit Hapus Tambah & edit stok awal Riwayat stok produk Produk diduplikasi","Baju Athfal Putri Seri A","Kedai HW","Rp 90,000.00","Rp 90,000.00","1,000.00 Pieces","Tunggal","","","","0102"
"","","TindakanToggle Dropdown Label Melihat Edit Hapus Tambah & edit stok awal Riwayat stok produk Produk diduplikasi","Baju Athfal Putri Seri B","Kedai HW","Rp 90,000.00","Rp 90,000.00","1,000.00 Pieces","Tunggal","","","","0103"
"","","TindakanToggle Dropdown Label Melihat Edit Hapus Tambah & edit stok awal Riwayat stok produk Produk diduplikasi","Baju Athfal Putri Seri C","Kedai HW","Rp 70,000.00","Rp 70,000.00","980.00 Pieces","Tunggal","","","","0104"
"","","TindakanToggle Dropdown Label Melihat Edit Hapus Tambah & edit stok awal Riwayat stok produk Produk diduplikasi","Baju HW Ripstop","Kedai HW","Rp 120,000.00","Rp 130,000.00","0.00 Pieces","Tunggal","","","","13200"
"","","TindakanToggle Dropdown Label Melihat Edit Hapus Tambah & edit stok awal Riwayat stok produk Produk diduplikasi","Baju Lapangan Bordir Timbul","Kedai HW","Rp 450,000.00","Rp 450,000.00","99.00 Pieces","Tunggal","","","","0288"
"","","TindakanToggle Dropdown Label Melihat Edit Hapus Tambah & edit stok awal Riwayat stok produk Produk diduplikasi","Baju Pengenal Putra Seri A","Kedai HW","Rp 110,000.00","Rp 110,000.00","1,000.00 Pieces","Tunggal","","","","0092"
"","","TindakanToggle Dropdown Label Melihat Edit Hapus Tambah & edit stok awal Riwayat stok produk Produk diduplikasi","Baju Pengenal Putra Seri B","Kedai HW","Rp 100,000.00","Rp 100,000.00","782.00 Pieces","Tunggal","","","","0093"
"","","TindakanToggle Dropdown Label Melihat Edit Hapus Tambah & edit stok awal Riwayat stok produk Produk diduplikasi","Baju Pengenal Putra Seri C","Kedai HW","Rp 70,000.00","Rp 70,000.00","946.00 Pieces","Tunggal","","","","0094"
"","","TindakanToggle Dropdown Label Melihat Edit Hapus Tambah & edit stok awal Riwayat stok produk Produk diduplikasi","Baju Pengenal Putri Seri A","Kedai HW","Rp 120,000.00","Rp 120,000.00","1,000.00 Pieces","Tunggal","","","","0099"
"","","TindakanToggle Dropdown Label Melihat Edit Hapus Tambah & edit stok awal Riwayat stok produk Produk diduplikasi","Baju Pengenal Putri Seri B","Kedai HW","Rp 110,000.00","Rp 110,000.00","9,822.00 Pieces","Tunggal","","","","0100"
"","","TindakanToggle Dropdown Label Melihat Edit Hapus Tambah & edit stok awal Riwayat stok produk Produk diduplikasi","Baju Pengenal Putri Seri C","Kedai HW","Rp 80,000.00","Rp 80,000.00","945.00 Pieces","Tunggal","","","","0101"
"","","TindakanToggle Dropdown Label Melihat Edit Hapus Tambah & edit stok awal Riwayat stok produk Produk diduplikasi","Baju Penghela/ Penuntun/ Dewasa Putra Seri A","Kedai HW","Rp 120,000.00","Rp 120,000.00","980.00 Pieces","Tunggal","","","","0095"
"","","TindakanToggle Dropdown Label Melihat Edit Hapus Tambah & edit stok awal Riwayat stok produk Produk diduplikasi","Baju Penghela/ Penuntun/ Dewasa Putra Seri B","Kedai HW","Rp 115,000.00","Rp 143,750.00","965.00 Pieces","Tunggal","","","","0096"
"","","TindakanToggle Dropdown Label Melihat Edit Hapus Tambah & edit stok awal Riwayat stok produk Produk diduplikasi","Baju Penghela/ Penuntun/ Dewasa Putri Seri A","Kedai HW","Rp 130,000.00","Rp 130,000.00","996.00 Pieces","Tunggal","","","","0097"
"","","TindakanToggle Dropdown Label Melihat Edit Hapus Tambah & edit stok awal Riwayat stok produk Produk diduplikasi","Baju Penghela/ Penuntun/ Dewasa Putri Seri B","Kedai HW","Rp 120,000.00","Rp 120,000.00","973.00 Pieces","Tunggal","","","","0098"
"","","TindakanToggle Dropdown Label Melihat Edit Hapus Tambah & edit stok awal Riwayat stok produk Produk diduplikasi","Ban Lengan Bordir","Kedai HW","Rp 35,000.00","Rp 35,000.00","312.00 Pieces","Tunggal","","","","0128"
"","","TindakanToggle Dropdown Label Melihat Edit Hapus Tambah & edit stok awal Riwayat stok produk Produk diduplikasi","Ban Lengan DTF","Kedai HW","Rp 25,000.00","Rp 25,000.00","935.00 Pieces","Tunggal","","","","0129"
"","","TindakanToggle Dropdown Label Melihat Edit Hapus Tambah & edit stok awal Riwayat stok produk Produk diduplikasi","Bandera HW Seri A 90 x 135 cm","Kedai HW","Rp 50,000.00","Rp 50,000.00","9,999.00 Pieces","Tunggal","","","","0069"
"","","TindakanToggle Dropdown Label Melihat Edit Hapus Tambah & edit stok awal Riwayat stok produk Produk diduplikasi","Bandera HW Seri B 60 x 90 CM","Kedai HW","Rp 35,000.00","Rp 35,000.00","1,000.00 Pieces","Tunggal","","","","0071"
"","","TindakanToggle Dropdown Label Melihat Edit Hapus Tambah & edit stok awal Riwayat stok produk Produk diduplikasi","Bandera HW Seri B 90 x 135 cm","Kedai HW","Rp 40,000.00","Rp 40,000.00","9,995.00 Pieces","Tunggal","","","","0070"
"","","TindakanToggle Dropdown Label Melihat Edit Hapus Tambah & edit stok awal Riwayat stok produk Produk diduplikasi","Baret Kokam dan Tanda","Kedai HW","Rp 55,000.00","Rp 55,000.00","10,000.00 Pieces","Tunggal","","","","0017"
"","","TindakanToggle Dropdown Label Melihat Edit Hapus Tambah & edit stok awal Riwayat stok produk Produk diduplikasi","Baret Merah Seri Eksklufif","Kedai HW","Rp 120,000.00","Rp 120,000.00","1,000.00 Pieces","Tunggal","","","","0220"
"","","TindakanToggle Dropdown Label Melihat Edit Hapus Tambah & edit stok awal Riwayat stok produk Produk diduplikasi","Baret Pengenal Seri A","Kedai HW","Rp 35,000.00","Rp 35,000.00","584.00 Pieces","Tunggal","","","","0010"
"","","TindakanToggle Dropdown Label Melihat Edit Hapus Tambah & edit stok awal Riwayat stok produk Produk diduplikasi","Baret Pengenal Seri B","Kedai HW","Rp 16,000.00","Rp 16,000.00","81.00 Pieces","Tunggal","","","","0011"
"","","TindakanToggle Dropdown Label Melihat Edit Hapus Tambah & edit stok awal Riwayat stok produk Produk diduplikasi","Baret Pengenal Seri C","Kedai HW","Rp 12,000.00","Rp 12,000.00","9,033.00 Pieces","Tunggal","","","","0012"
"","","TindakanToggle Dropdown Label Melihat Edit Hapus Tambah & edit stok awal Riwayat stok produk Produk diduplikasi","Baret Penghela Seri A","Kedai HW","Rp 40,000.00","Rp 40,000.00","8,684.00 Pieces","Tunggal","","","","0013"
"","","TindakanToggle Dropdown Label Melihat Edit Hapus Tambah & edit stok awal Riwayat stok produk Produk diduplikasi","Baret Penghela Seri B","Kedai HW","Rp 18,000.00","Rp 18,000.00","9,153.00 Pieces","Tunggal","","","","0014"
"","","TindakanToggle Dropdown Label Melihat Edit Hapus Tambah & edit stok awal Riwayat stok produk Produk diduplikasi","Baret Penghela Seri C","Kedai HW","Rp 12,000.00","Rp 12,000.00","9,767.00 Pieces","Tunggal","","","","0015"
"","","TindakanToggle Dropdown Label Melihat Edit Hapus Tambah & edit stok awal Riwayat stok produk Produk diduplikasi","Baret Penuntun/ Pelatih Merah Seri A","Kedai HW","Rp 35,000.00","Rp 35,000.00","9,996.00 Pieces","Tunggal","","","","0016"
"","","TindakanToggle Dropdown Label Melihat Edit Hapus Tambah & edit stok awal Riwayat stok produk Produk diduplikasi","Batik Biru IPM Putra","Kedai HW","Rp 110,000.00","Rp 110,000.00","989.00 Pieces","Tunggal","","","","0232"
"","","TindakanToggle Dropdown Label Melihat Edit Hapus Tambah & edit stok awal Riwayat stok produk Produk diduplikasi","Batik Biru IPM Putri","Kedai HW","Rp 120,000.00","Rp 120,000.00","999.00 Pieces","Tunggal","","","","0233"
"","","TindakanToggle Dropdown Label Melihat Edit Hapus Tambah & edit stok awal Riwayat stok produk Produk diduplikasi","Bender Muhammadiyah 90 x 135 Seri A","Kedai HW","Rp 40,000.00","Rp 40,000.00","9,999.00 Pieces","Tunggal","","","","0224"
"","","TindakanToggle Dropdown Label Melihat Edit Hapus Tambah & edit stok awal Riwayat stok produk Produk diduplikasi","Bendera Aisyiyah","Kedai HW","Rp 45,000.00","Rp 56,250.00","992.00 Pieces","Tunggal","","","","0065"
"","","TindakanToggle Dropdown Label Melihat Edit Hapus Tambah & edit stok awal Riwayat stok produk Produk diduplikasi","Bendera Bordir Custom","Kedai HW","Rp 500,000.00","Rp 500,000.00","60.00 Pieces","Tunggal","","","","0259"
"","","TindakanToggle Dropdown Label Melihat Edit Hapus Tambah & edit stok awal Riwayat stok produk Produk diduplikasi","Bendera Custom Bordir","Kedai HW","Rp 500,000.00","Rp 500,000.00","95.00 Pieces","Tunggal","","","","0208"
"","","TindakanToggle Dropdown Label Melihat Edit Hapus Tambah & edit stok awal Riwayat stok produk Produk diduplikasi Brosur produk","Bendera Custom DTF","Kedai HW","Rp 75,000.00","Rp 75,000.00","94.00 Pieces","Tunggal","","","","0209"
"","","TindakanToggle Dropdown Label Melihat Edit Hapus Tambah & edit stok awal Riwayat stok produk Produk diduplikasi","Bendera Dikdasmen Aisyiyah 60 x 90 cm","Kedai HW","Rp 35,000.00","Rp 35,000.00","1,000.00 Pieces","Tunggal","","","","0272"
"","","TindakanToggle Dropdown Label Melihat Edit Hapus Tambah & edit stok awal Riwayat stok produk Produk diduplikasi","Bendera Dikdasmen Aisyiyah 90 x 135 cm","Kedai HW","Rp 45,000.00","Rp 45,000.00","920.00 Pieces","Tunggal","","","","0271"
"","","TindakanToggle Dropdown Label Melihat Edit Hapus Tambah & edit stok awal Riwayat stok produk Produk diduplikasi","Bendera HW 60 x 90 CM Seri B","Kedai HW","Rp 35,000.00","Rp 35,000.00","1,947.00 Pieces","Tunggal","","","","0213"
"","","TindakanToggle Dropdown Label Melihat Edit Hapus Tambah & edit stok awal Riwayat stok produk Produk diduplikasi","Bendera HW 90 x 135 Seri B","Kedai HW","Rp 40,000.00","Rp 45,000.00","774.00 Pieces","Tunggal","","","","0187"
"","","TindakanToggle Dropdown Label Melihat Edit Hapus Tambah & edit stok awal Riwayat stok produk Produk diduplikasi","Bendera HW Printing","Kedai HW","Rp 65,000.00","Rp 65,000.00","9,989.00 Pieces","Tunggal","","","","0202"
"","","TindakanToggle Dropdown Label Melihat Edit Hapus Tambah & edit stok awal Riwayat stok produk Produk diduplikasi","Bendera IMM Printing","Kedai HW","Rp 65,000.00","Rp 81,250.00","1,000.00 Pieces","Tunggal","","","","0054"
"","","TindakanToggle Dropdown Label Melihat Edit Hapus Tambah & edit stok awal Riwayat stok produk Produk diduplikasi","Bendera IMM Sablon DTF","Kedai HW","Rp 50,000.00","Rp 62,500.00","998.00 Pieces","Tunggal","","","","0056"
"","","TindakanToggle Dropdown Label Melihat Edit Hapus Tambah & edit stok awal Riwayat stok produk Produk diduplikasi","Bendera IPM DTF","Kedai HW","Rp 50,000.00","Rp 62,500.00","998.00 Pieces","Tunggal","","","","0044"
"","","TindakanToggle Dropdown Label Melihat Edit Hapus Tambah & edit stok awal Riwayat stok produk Produk diduplikasi","Bendera IPM printing","Kedai HW","Rp 65,000.00","Rp 81,250.00","1,000.00 Pieces","Tunggal","","","","0041"
"","","TindakanToggle Dropdown Label Melihat Edit Hapus Tambah & edit stok awal Riwayat stok produk Produk diduplikasi","Bendera IPM Sablon","Kedai HW","Rp 45,000.00","Rp 56,250.00","987.00 Pieces","Tunggal","","","","0043"
"","","TindakanToggle Dropdown Label Melihat Edit Hapus Tambah & edit stok awal Riwayat stok produk Produk diduplikasi","Bendera Kuntum Athfal","Kedai HW","Rp 8,000.00","Rp 10,000.00","931.00 Pieces","Tunggal","","","","0192"
"","","TindakanToggle Dropdown Label Melihat Edit Hapus Tambah & edit stok awal Riwayat stok produk Produk diduplikasi Brosur produk","Bendera Kuntum Athfal","Kedai HW","Rp 6,000.00","Rp 10,000.00","965.00 Pieces","Tunggal","","","","11121"
"","","TindakanToggle Dropdown Label Melihat Edit Hapus Tambah & edit stok awal Riwayat stok produk Produk diduplikasi","Bendera Merah Putih 60 x 90","Kedai HW","Rp 20,000.00","Rp 20,000.00","9,999.00 Pieces","Tunggal","","","","0059"
"","","TindakanToggle Dropdown Label Melihat Edit Hapus Tambah & edit stok awal Riwayat stok produk Produk diduplikasi","Bendera Merah Putih 90 x 135","Kedai HW","Rp 25,000.00","Rp 25,000.00","9,995.00 Pieces","Tunggal","","","","0060"
"","","TindakanToggle Dropdown Label Melihat Edit Hapus Tambah & edit stok awal Riwayat stok produk Produk diduplikasi","Bendera Merah Putih Custom","Kedai HW","Rp 40,000.00","Rp 40,000.00","998.00 Pieces","Tunggal","","","","0296"
"","","TindakanToggle Dropdown Label Melihat Edit Hapus Tambah & edit stok awal Riwayat stok produk Produk diduplikasi","Bendera Muhammadiyah 50 x 75","Kedai HW","Rp 15,000.00","Rp 15,000.00","9,925.00 Pieces","Tunggal","","","","0222"
"","","TindakanToggle Dropdown Label Melihat Edit Hapus Tambah & edit stok awal Riwayat stok produk Produk diduplikasi","Bendera Muhammadiyah 60 x 90","Kedai HW","Rp 20,000.00","Rp 20,000.00","9,999.00 Pieces","Tunggal","","","","0223"
"","","TindakanToggle Dropdown Label Melihat Edit Hapus Tambah & edit stok awal Riwayat stok produk Produk diduplikasi","Bendera Muhammadiyah atau Ortom Custom","Kedai HW","Rp 100,000.00","Rp 100,000.00","998.00 Pieces","Tunggal","","","","0297"
"","","TindakanToggle Dropdown Label Melihat Edit Hapus Tambah & edit stok awal Riwayat stok produk Produk diduplikasi","Bendera Muhammadiyah Sablon 90 x 135 Seri B","Kedai HW","Rp 25,000.00","Rp 25,000.00","980.00 Pieces","Tunggal","","","","0062"
"","","TindakanToggle Dropdown Label Melihat Edit Hapus Tambah & edit stok awal Riwayat stok produk Produk diduplikasi","Bendera Nasiatul Aisyah","Kedai HW","Rp 45,000.00","Rp 56,250.00","997.00 Pieces","Tunggal","","","","0064"
"","","TindakanToggle Dropdown Label Melihat Edit Hapus Tambah & edit stok awal Riwayat stok produk Produk diduplikasi Brosur produk","Bendera Ortom Kecil","Kedai HW","Rp 20,000.00","Rp 25,000.00","996.00 Pieces","Tunggal","","","","01099"
"","","TindakanToggle Dropdown Label Melihat Edit Hapus Tambah & edit stok awal Riwayat stok produk Produk diduplikasi","Bendera Pandu Dunia","Kedai HW","Rp 30,000.00","Rp 40,000.00","98.00 Pieces","Tunggal","","","","17482"
"","","TindakanToggle Dropdown Label Melihat Edit Hapus Tambah & edit stok awal Riwayat stok produk Produk diduplikasi","Bendera Pasukan Pengenal DTF","Kedai HW","Rp 50,000.00","Rp 50,000.00","984.00 Pieces","Tunggal","","","","0048"
"","","TindakanToggle Dropdown Label Melihat Edit Hapus Tambah & edit stok awal Riwayat stok produk Produk diduplikasi","Bendera Pasukan Penghela","Kedai HW","Rp 50,000.00","Rp 50,000.00","85.00 Pieces","Tunggal","","","","0204"
"","","TindakanToggle Dropdown Label Melihat Edit Hapus Tambah & edit stok awal Riwayat stok produk Produk diduplikasi","Bendera Pemuda Muhammadiyah Seri A 90 x 135 cm","Kedai HW","Rp 40,000.00","Rp 40,000.00","998.00 Pieces","Tunggal","","","","0066"
"","","TindakanToggle Dropdown Label Melihat Edit Hapus Tambah & edit stok awal Riwayat stok produk Produk diduplikasi","Bendera Pemuda Muhammadiyah Seri B 60 x 90 Cm","Kedai HW","Rp 10,000.00","Rp 10,000.00","9,998.00 Pieces","Tunggal","","","","0068"
"","","TindakanToggle Dropdown Label Melihat Edit Hapus Tambah & edit stok awal Riwayat stok produk Produk diduplikasi","Bendera Pemuda Muhammadiyah Seri B 90 x 135 cm","Kedai HW","Rp 30,000.00","Rp 30,000.00","9,998.00 Pieces","Tunggal","","","","0067"
"","","TindakanToggle Dropdown Label Melihat Edit Hapus Tambah & edit stok awal Riwayat stok produk Produk diduplikasi Brosur produk","Bendera Regu Pengenal","Kedai HW","Rp 8,000.00","Rp 10,000.00","838.00 Pieces","Tunggal","","","","2100"
"","","TindakanToggle Dropdown Label Melihat Edit Hapus Tambah & edit stok awal Riwayat stok produk Produk diduplikasi","Bendera Rumpun Athfal","Kedai HW","Rp 50,000.00","Rp 50,000.00","9,992.00 Pieces","Tunggal","","","","0203"
"","","TindakanToggle Dropdown Label Melihat Edit Hapus Tambah & edit stok awal Riwayat stok produk Produk diduplikasi Brosur produk","Bendera Semafor","Kedai HW","Rp 7,000.00","Rp 10,000.00","940.00 Sepasang","Tunggal","","","","01000"
"","","TindakanToggle Dropdown Label Melihat Edit Hapus Tambah & edit stok awal Riwayat stok produk Produk diduplikasi Brosur produk","Bendera Semafor & Stik","Kedai HW","Rp 10,000.00","Rp 15,000.00","81.00 Sepasang","Tunggal","","","","01100"
"","","TindakanToggle Dropdown Label Melihat Edit Hapus Tambah & edit stok awal Riwayat stok produk Produk diduplikasi","Bendera TSPM Printing","Kedai HW","Rp 65,000.00","Rp 81,250.00","1,000.00 Pieces","Tunggal","","","","0049"
"","","TindakanToggle Dropdown Label Melihat Edit Hapus Tambah & edit stok awal Riwayat stok produk Produk diduplikasi","Bendera TSPM Sablon biasa","Kedai HW","Rp 45,000.00","Rp 56,250.00","979.00 Pieces","Tunggal","","","","0053"
"","","TindakanToggle Dropdown Label Melihat Edit Hapus Tambah & edit stok awal Riwayat stok produk Produk diduplikasi","Bendera TSPM Sablon DTF","Kedai HW","Rp 50,000.00","Rp 62,500.00","998.00 Pieces","Tunggal","","","","0051"
"","","TindakanToggle Dropdown Label Melihat Edit Hapus Tambah & edit stok awal Riwayat stok produk Produk diduplikasi","Bordir Badge Lokasi","Kedai HW","Rp 3,500.00","Rp 3,500.00","8,385.00 Pieces","Tunggal","","","","0268"
"","","TindakanToggle Dropdown Label Melihat Edit Hapus Tambah & edit stok awal Riwayat stok produk Produk diduplikasi","Bordir Logo Sekolah Custom","Kedai HW","Rp 3,500.00","Rp 5,000.00","730.00 Pieces","Tunggal","","","","13332"
"","","TindakanToggle Dropdown Label Melihat Edit Hapus Tambah & edit stok awal Riwayat stok produk Produk diduplikasi","Bordir Nama","Kedai HW","Rp 3,000.00","Rp 5,000.00","9,665.00 Pieces","Tunggal","","","","0180"
"","","TindakanToggle Dropdown Label Melihat Edit Hapus Tambah & edit stok awal Riwayat stok produk Produk diduplikasi","Bordir Tanda Kecakapan","Kedai HW","Rp 2,000.00","Rp 3,000.00","928.00 Pieces","Tunggal","","","","13142"
"","","TindakanToggle Dropdown Label Melihat Edit Hapus Tambah & edit stok awal Riwayat stok produk Produk diduplikasi","Bordir Wilayah Custom","Kedai HW","Rp 2,500.00","Rp 3,500.00","531.00 Pieces","Tunggal","","","","12312"
"","","TindakanToggle Dropdown Label Melihat Edit Hapus Tambah & edit stok awal Riwayat stok produk Produk diduplikasi","Brivet Jaya Matahari","Kedai HW","Rp 34,000.00","Rp 40,000.00","999.00 Pieces","Tunggal","","","","12111"
"","","TindakanToggle Dropdown Label Melihat Edit Hapus Tambah & edit stok awal Riwayat stok produk Produk diduplikasi","Brivet Jaya Melati 1","Kedai HW","Rp 30,000.00","Rp 30,000.00","9,963.00 Pieces","Tunggal","","","","0182"
"","","TindakanToggle Dropdown Label Melihat Edit Hapus Tambah & edit stok awal Riwayat stok produk Produk diduplikasi","Brivet Jaya Melati 2","Kedai HW","Rp 30,000.00","Rp 30,000.00","95.00 Pieces","Tunggal","","","","0191"
"","","TindakanToggle Dropdown Label Melihat Edit Hapus Tambah & edit stok awal Riwayat stok produk Produk diduplikasi","Brivet Tiska Muktamar HW","Kedai HW","Rp 20,000.00","Rp 25,000.00","99.00 Pieces","Tunggal","","","","12322"
"","","TindakanToggle Dropdown Label Melihat Edit Hapus Tambah & edit stok awal Riwayat stok produk Produk diduplikasi","Brivet Tiska Silatnas 1 Abad","Kedai HW","Rp 25,000.00","Rp 25,000.00","9,998.00 Pieces","Tunggal","","","","0135"
"","","TindakanToggle Dropdown Label Melihat Edit Hapus Tambah & edit stok awal Riwayat stok produk Produk diduplikasi","Buku Agenda","Kedai HW","Rp 8,000.00","Rp 8,000.00","9,387.00 Pieces","Tunggal","","","","0132"
"","","TindakanToggle Dropdown Label Melihat Edit Hapus Tambah & edit stok awal Riwayat stok produk Produk diduplikasi Brosur produk","Buku Keterampilan HW","Kedai HW","Rp 30,000.00","Rp 45,000.00","985.00 Pieces","Tunggal","","","","01800"
"","","TindakanToggle Dropdown Label Melihat Edit Hapus Tambah & edit stok awal Riwayat stok produk Produk diduplikasi","Buku Outbond","Kedai HW","Rp 18,000.00","Rp 25,000.00","98.00 Pieces","Tunggal","","","","12332"
"","","TindakanToggle Dropdown Label Melihat Edit Hapus Tambah & edit stok awal Riwayat stok produk Produk diduplikasi Brosur produk","Buku SKT Athfal","Kedai HW","Rp 3,000.00","Rp 3,500.00","344.00 Pieces","Tunggal","","","","01200"
"","","TindakanToggle Dropdown Label Melihat Edit Hapus Tambah & edit stok awal Riwayat stok produk Produk diduplikasi Brosur produk","Buku SKT Pengenal","Kedai HW","Rp 3,000.00","Rp 3,500.00","94,869.00 Pieces","Tunggal","","","","01300"
"","","TindakanToggle Dropdown Label Melihat Edit Hapus Tambah & edit stok awal Riwayat stok produk Produk diduplikasi Brosur produk","Buku SKT Penghela","Kedai HW","Rp 3,000.00","Rp 3,500.00","996,013.00 Pieces","Tunggal","","","","01400"
"","","TindakanToggle Dropdown Label Melihat Edit Hapus Tambah & edit stok awal Riwayat stok produk Produk diduplikasi","Celana Athfal Seri A","Kedai HW","Rp 90,000.00","Rp 90,000.00","10,000.00 Pieces","Tunggal","","","","0119"
"","","TindakanToggle Dropdown Label Melihat Edit Hapus Tambah & edit stok awal Riwayat stok produk Produk diduplikasi","Celana Athfal Seri B","Kedai HW","Rp 80,000.00","Rp 80,000.00","998.00 Pieces","Tunggal","","","","0120"
"","","TindakanToggle Dropdown Label Melihat Edit Hapus Tambah & edit stok awal Riwayat stok produk Produk diduplikasi","Celana Pengenal Seri A","Kedai HW","Rp 100,000.00","Rp 100,000.00","1,000.00 Pieces","Tunggal","","","","0121"
"","","TindakanToggle Dropdown Label Melihat Edit Hapus Tambah & edit stok awal Riwayat stok produk Produk diduplikasi","Celana Pengenal Seri B","Kedai HW","Rp 90,000.00","Rp 90,000.00","9,822.00 Pieces","Tunggal","","","","0122"
"","","TindakanToggle Dropdown Label Melihat Edit Hapus Tambah & edit stok awal Riwayat stok produk Produk diduplikasi","Celana Penghela/ Penuntun/ Dewasa Seri A","Kedai HW","Rp 120,000.00","Rp 120,000.00","997.00 Pieces","Tunggal","","","","0123"
"","","TindakanToggle Dropdown Label Melihat Edit Hapus Tambah & edit stok awal Riwayat stok produk Produk diduplikasi","Celana Penghela/ Penuntun/ Dewasa Seri B","Kedai HW","Rp 110,000.00","Rp 110,000.00","980.00 Pieces","Tunggal","","","","0124"
"","","TindakanToggle Dropdown Label Melihat Edit Hapus Tambah & edit stok awal Riwayat stok produk Produk diduplikasi","Celana Rok","Kedai HW","Rp 175,000.00","Rp 175,000.00","485.00 Pieces","Tunggal","","","","0246"
"","","TindakanToggle Dropdown Label Melihat Edit Hapus Tambah & edit stok awal Riwayat stok produk Produk diduplikasi","Celana Tactical","Kedai HW","Rp 125,000.00","Rp 150,000.00","95.00 Pieces","Tunggal","","","","2121"
"","","TindakanToggle Dropdown Label Melihat Edit Hapus Tambah & edit stok awal Riwayat stok produk Produk diduplikasi","Dasi & Pin HW","Kedai HW","Rp 30,000.00","Rp 37,500.00","952.00 Pieces","Tunggal","","","","35000"
"","","TindakanToggle Dropdown Label Melihat Edit Hapus Tambah & edit stok awal Riwayat stok produk Produk diduplikasi","Dasi Bordir Custom","Kedai HW","Rp 12,000.00","Rp 12,000.00","900.00 Pieces","Tunggal","","","","0219"
"","","TindakanToggle Dropdown Label Melihat Edit Hapus Tambah & edit stok awal Riwayat stok produk Produk diduplikasi","Dasi Custom","Kedai HW","Rp 7,000.00","Rp 10,000.00","990.00 Pieces","Tunggal","","","","09189"
"","","TindakanToggle Dropdown Label Melihat Edit Hapus Tambah & edit stok awal Riwayat stok produk Produk diduplikasi","Donasi Jingle Lagu HW Jateng","Kedai HW","Rp 150,000.00","Rp 150,000.00","99.00 Pieces","Tunggal","","","","0289"
"","","TindakanToggle Dropdown Label Melihat Edit Hapus Tambah & edit stok awal Riwayat stok produk Produk diduplikasi","Drahrem","Kedai HW","Rp 40,000.00","Rp 40,000.00","1,000.00 Pieces","Tunggal","","","","0131"
"","","TindakanToggle Dropdown Label Melihat Edit Hapus Tambah & edit stok awal Riwayat stok produk Produk diduplikasi","Duk Athfal Jumbo DTF","Kedai HW","Rp 16,000.00","Rp 16,000.00","9,924.00 Pieces","Tunggal","","","","0004"
"","","TindakanToggle Dropdown Label Melihat Edit Hapus Tambah & edit stok awal Riwayat stok produk Produk diduplikasi","Duk Athfal Standar Bordir","Kedai HW","Rp 17,000.00","Rp 17,000.00","9,971.00 Pieces","Tunggal","","","","0005"
"","","TindakanToggle Dropdown Label Melihat Edit Hapus Tambah & edit stok awal Riwayat stok produk Produk diduplikasi","Duk Athfal Standar DTF","Kedai HW","Rp 15,000.00","Rp 15,000.00","7,181.00 Pieces","Tunggal","","","","0001"
"","","TindakanToggle Dropdown Label Melihat Edit Hapus Tambah & edit stok awal Riwayat stok produk Produk diduplikasi","Duk Athfal Standar Seri B","Kedai HW","Rp 13,000.00","Rp 13,000.00","19,850.00 Pieces","Tunggal","","","","0265"
"","","TindakanToggle Dropdown Label Melihat Edit Hapus Tambah & edit stok awal Riwayat stok produk Produk diduplikasi","Duk Pengenal Jumbo Bordir","Kedai HW","Rp 20,000.00","Rp 20,000.00","9,869.00 Pieces","Tunggal","","","","0008"
"","","TindakanToggle Dropdown Label Melihat Edit Hapus Tambah & edit stok awal Riwayat stok produk Produk diduplikasi","Duk Pengenal Jumbo DTF","Kedai HW","Rp 16,000.00","Rp 16,000.00","7,514.00 Pieces","Tunggal","","","","0006"
"","","TindakanToggle Dropdown Label Melihat Edit Hapus Tambah & edit stok awal Riwayat stok produk Produk diduplikasi","Duk Pengenal Seri B","Kedai HW","Rp 13,000.00","Rp 13,000.00","19,700.00 Pieces","Tunggal","","","","0264"
"","","TindakanToggle Dropdown Label Melihat Edit Hapus Tambah & edit stok awal Riwayat stok produk Produk diduplikasi","Duk Pengenal Standar Bordir","Kedai HW","Rp 17,000.00","Rp 17,000.00","9,967.00 Pieces","Tunggal","","","","0007"
"","","TindakanToggle Dropdown Label Melihat Edit Hapus Tambah & edit stok awal Riwayat stok produk Produk diduplikasi","Duk Pengenal Standar DTF","Kedai HW","Rp 15,000.00","Rp 15,000.00","5,705.00 Pieces","Tunggal","","","","0002"
"","","TindakanToggle Dropdown Label Melihat Edit Hapus Tambah & edit stok awal Riwayat stok produk Produk diduplikasi","Duk Penghela, Penuntun, Dewasa Bordir","Kedai HW","Rp 20,000.00","Rp 20,000.00","9,510.00 Pieces","Tunggal","","","","0009"
"","","TindakanToggle Dropdown Label Melihat Edit Hapus Tambah & edit stok awal Riwayat stok produk Produk diduplikasi","Duk Penghela, Penuntun, Dewasa DTF","Kedai HW","Rp 16,000.00","Rp 16,000.00","4,368.00 Pieces","Tunggal","","","","0003"
"","","TindakanToggle Dropdown Label Melihat Edit Hapus Tambah & edit stok awal Riwayat stok produk Produk diduplikasi","Duk Penghela, Penuntun, Dewasa DTF Eksklusif","Kedai HW","Rp 18,000.00","Rp 18,000.00","8,486.00 Pieces","Tunggal","","","","0270"
"","","TindakanToggle Dropdown Label Melihat Edit Hapus Tambah & edit stok awal Riwayat stok produk Produk diduplikasi","Duk Tunas Athfal Paud","Kedai HW","Rp 10,000.00","Rp 10,000.00","7,463.00 Pieces","Tunggal","","","","0143"
"","","TindakanToggle Dropdown Label Melihat Edit Hapus Tambah & edit stok awal Riwayat stok produk Produk diduplikasi","Ganci Custom Akrilik","Kedai HW","Rp 10,000.00","Rp 12,000.00","900.00 Pieces","Tunggal","","","","0281"
"","","TindakanToggle Dropdown Label Melihat Edit Hapus Tambah & edit stok awal Riwayat stok produk Produk diduplikasi","IDCard Barcode + Tali DTF","Kedai HW","Rp 10,000.00","Rp 10,000.00","785.00 Pieces","Tunggal","","","","0215"
"","","TindakanToggle Dropdown Label Melihat Edit Hapus Tambah & edit stok awal Riwayat stok produk Produk diduplikasi Brosur produk","Ikat Pinggang HW","Kedai HW","Rp 10,000.00","Rp 10,000.00","182.00 Pieces","Tunggal","","","","01500"
"","","TindakanToggle Dropdown Label Melihat Edit Hapus Tambah & edit stok awal Riwayat stok produk Produk diduplikasi Brosur produk","Ikat Pinggang Kuningan HW","Kedai HW","Rp 60,000.00","Rp 60,000.00","992.00 Pieces","Tunggal","","","","01600"
"","","TindakanToggle Dropdown Label Melihat Edit Hapus Tambah & edit stok awal Riwayat stok produk Produk diduplikasi","Ikat Pinggang Sekolah Custom","Kedai HW","Rp 10,000.00","Rp 10,000.00","780.00 Pieces","Tunggal","","","","0217"
"","","TindakanToggle Dropdown Label Melihat Edit Hapus Tambah & edit stok awal Riwayat stok produk Produk diduplikasi","Ikat Pinggang Silver","Kedai HW","Rp 15,000.00","Rp 20,000.00","180.00 Pieces","Tunggal","","","","0303"
"","","TindakanToggle Dropdown Label Melihat Edit Hapus Tambah & edit stok awal Riwayat stok produk Produk diduplikasi","Jaket Kokam","Kedai HW","Rp 225,000.00","Rp 225,000.00","1,000.00 Pieces","Tunggal","","","","0148"
"","","TindakanToggle Dropdown Label Melihat Edit Hapus Tambah & edit stok awal Riwayat stok produk Produk diduplikasi","Jas Custom","Kedai HW","Rp 150,000.00","Rp 150,000.00","940.00 Pieces","Tunggal","","","","0231"
"","","TindakanToggle Dropdown Label Melihat Edit Hapus Tambah & edit stok awal Riwayat stok produk Produk diduplikasi Brosur produk","Jas IPM","Kedai HW","Rp 130,000.00","Rp 150,000.00","1,996.00 Pieces","Tunggal","","","","21211"
"","","TindakanToggle Dropdown Label Melihat Edit Hapus Tambah & edit stok awal Riwayat stok produk Produk diduplikasi","Jas Pemuda","Kedai HW","Rp 140,000.00","Rp 140,000.00","9,999.00 Pieces","Tunggal","","","","0205"
"","","TindakanToggle Dropdown Label Melihat Edit Hapus Tambah & edit stok awal Riwayat stok produk Produk diduplikasi","Jasa Cetak","Kedai HW","Rp 15,000.00","Rp 15,000.00","1,550.00 Pieces","Tunggal","","","","0290"
"","","TindakanToggle Dropdown Label Melihat Edit Hapus Tambah & edit stok awal Riwayat stok produk Produk diduplikasi","Jilbab Athfal Langsung Jumbo","Kedai HW","Rp 50,000.00","Rp 50,000.00","9,960.00 Pieces","Tunggal","","","","0141"
"","","TindakanToggle Dropdown Label Melihat Edit Hapus Tambah & edit stok awal Riwayat stok produk Produk diduplikasi","Jilbab Athfal Langsung Standar","Kedai HW","Rp 45,000.00","Rp 45,000.00","9,711.00 Pieces","Tunggal","","","","0142"
"","","TindakanToggle Dropdown Label Melihat Edit Hapus Tambah & edit stok awal Riwayat stok produk Produk diduplikasi Brosur produk","Jilbab HW PAUD","Kedai HW","Rp 30,000.00","Rp 40,000.00","662.00 Pieces","Tunggal","","","","0910"
"","","TindakanToggle Dropdown Label Melihat Edit Hapus Tambah & edit stok awal Riwayat stok produk Produk diduplikasi","Jilbab Jumbo Wolfis 130 CM","Kedai HW","Rp 60,000.00","Rp 60,000.00","9,698.00 Pieces","Tunggal","","","","0139"
"","","TindakanToggle Dropdown Label Melihat Edit Hapus Tambah & edit stok awal Riwayat stok produk Produk diduplikasi","Jilbab Jumbo Wolfis 150 CM","Kedai HW","Rp 70,000.00","Rp 70,000.00","9,753.00 Pieces","Tunggal","","","","0140"
"","","TindakanToggle Dropdown Label Melihat Edit Hapus Tambah & edit stok awal Riwayat stok produk Produk diduplikasi","Jilbab Langsung SMP","Kedai HW","Rp 35,000.00","Rp 40,000.00","936.00 Pieces","Tunggal","","","","0262"
"","","TindakanToggle Dropdown Label Melihat Edit Hapus Tambah & edit stok awal Riwayat stok produk Produk diduplikasi","Jilbab Standar 115 CM","Kedai HW","Rp 38,000.00","Rp 38,000.00","8,906.00 Pieces","Tunggal","","","","0138"
"","","TindakanToggle Dropdown Label Melihat Edit Hapus Tambah & edit stok awal Riwayat stok produk Produk diduplikasi","Kalender 38x53","Kedai HW","Rp 17,300.00","Rp 17,300.00","625.00 Pieces","Tunggal","","","","0237"
"","","TindakanToggle Dropdown Label Melihat Edit Hapus Tambah & edit stok awal Riwayat stok produk Produk diduplikasi","Kaos DTF Katun Panjang","Kedai HW","Rp 70,000.00","Rp 70,000.00","934.00 Pieces","Tunggal","","","","0200"
"","","TindakanToggle Dropdown Label Melihat Edit Hapus Tambah & edit stok awal Riwayat stok produk Produk diduplikasi","Kaos DTF Katun Pendek","Kedai HW","Rp 60,000.00","Rp 60,000.00","882.00 Pieces","Tunggal","","","","0199"
"","","TindakanToggle Dropdown Label Melihat Edit Hapus Tambah & edit stok awal Riwayat stok produk Produk diduplikasi","Kaos Kaki HW","Kedai HW","Rp 10,000.00","Rp 10,000.00","9,799.00 Pieces","Tunggal","","","","0025"
"","","TindakanToggle Dropdown Label Melihat Edit Hapus Tambah & edit stok awal Riwayat stok produk Produk diduplikasi","Kaos Lapangan Anak","Kedai HW","Rp 70,000.00","Rp 70,000.00","430.00 Pieces","Tunggal","","","","0147"
"","","TindakanToggle Dropdown Label Melihat Edit Hapus Tambah & edit stok awal Riwayat stok produk Produk diduplikasi","Kaos Lapangan Anak Kelas 1 - 3","Kedai HW","Rp 60,000.00","Rp 60,000.00","540.00 Pieces","Tunggal","","","","0280"
"","","TindakanToggle Dropdown Label Melihat Edit Hapus Tambah & edit stok awal Riwayat stok produk Produk diduplikasi","Kaos Lapangan HW Dewasa","Kedai HW","Rp 85,000.00","Rp 85,000.00","724.00 Pieces","Tunggal","","","","0146"
"","","TindakanToggle Dropdown Label Melihat Edit Hapus Tambah & edit stok awal Riwayat stok produk Produk diduplikasi","Kaos Lapangan Kokam","Kedai HW","Rp 85,000.00","Rp 100,000.00","980.00 Pieces","Tunggal","","","","21233"
"","","TindakanToggle Dropdown Label Melihat Edit Hapus Tambah & edit stok awal Riwayat stok produk Produk diduplikasi","Kemeja Custom","Kedai HW","Rp 85,000.00","Rp 106,250.00","973.00 Pieces","Tunggal","","","","125.000"
"","","TindakanToggle Dropdown Label Melihat Edit Hapus Tambah & edit stok awal Riwayat stok produk Produk diduplikasi Brosur produk","Kloncer HW","Kedai HW","Rp 4,500.00","Rp 6,000.00","939.00 Pieces","Tunggal","","","","11099"
"","","TindakanToggle Dropdown Label Melihat Edit Hapus Tambah & edit stok awal Riwayat stok produk Produk diduplikasi","Kopel Rem","Kedai HW","Rp 40,000.00","Rp 40,000.00","10,000.00 Pieces","Tunggal","","","","0130"
"","","TindakanToggle Dropdown Label Melihat Edit Hapus Tambah & edit stok awal Riwayat stok produk Produk diduplikasi","Logo HW Bordir","Kedai HW","Rp 3,000.00","Rp 3,000.00","9,733.00 Pieces","Tunggal","","","","0112"
"","","TindakanToggle Dropdown Label Melihat Edit Hapus Tambah & edit stok awal Riwayat stok produk Produk diduplikasi","Master Kalender 2025","Kedai HW","Rp 200,000.00","Rp 200,000.00","999.00 Pieces","Tunggal","","","","0226"
"","","TindakanToggle Dropdown Label Melihat Edit Hapus Tambah & edit stok awal Riwayat stok produk Produk diduplikasi Brosur produk","Paket Badge HW PAUD/TK","Kedai HW","Rp 9,000.00","Rp 12,000.00","921.00 Pieces","Tunggal","","","","02100"
"","","TindakanToggle Dropdown Label Melihat Edit Hapus Tambah & edit stok awal Riwayat stok produk Produk diduplikasi","Palu Kayu","Kedai HW","Rp 20,000.00","Rp 20,000.00","1,000.00 Pieces","Tunggal","","","","0295"
"","","TindakanToggle Dropdown Label Melihat Edit Hapus Tambah & edit stok awal Riwayat stok produk Produk diduplikasi","Pasak Besi 30 Cm","Kedai HW","Rp 5,000.00","Rp 5,000.00","9,583.00 Pieces","Tunggal","","","","0162"
"","","TindakanToggle Dropdown Label Melihat Edit Hapus Tambah & edit stok awal Riwayat stok produk Produk diduplikasi","Peci Mut dan Tanda","Kedai HW","Rp 40,000.00","Rp 40,000.00","9,771.00 Pieces","Tunggal","","","","0028"
"","","TindakanToggle Dropdown Label Melihat Edit Hapus Tambah & edit stok awal Riwayat stok produk Produk diduplikasi","Peluit Warna Besar","Kedai HW","Rp 15,000.00","Rp 15,000.00","9,980.00 Pieces","Tunggal","","","","0126"
"","","TindakanToggle Dropdown Label Melihat Edit Hapus Tambah & edit stok awal Riwayat stok produk Produk diduplikasi","Peluit Warna Kecil","Kedai HW","Rp 10,000.00","Rp 10,000.00","9,931.00 Pieces","Tunggal","","","","0127"
"","","TindakanToggle Dropdown Label Melihat Edit Hapus Tambah & edit stok awal Riwayat stok produk Produk diduplikasi","PIN Kuningan Custom","Kedai HW","Rp 20,000.00","Rp 25,000.00","900.00 Pieces","Tunggal","","","","25000"
"","","TindakanToggle Dropdown Label Melihat Edit Hapus Tambah & edit stok awal Riwayat stok produk Produk diduplikasi","Pin Sayap HW","Kedai HW","Rp 8,000.00","Rp 10,000.00","95.00 Pieces","Tunggal","","","","10000"
"","","TindakanToggle Dropdown Label Melihat Edit Hapus Tambah & edit stok awal Riwayat stok produk Produk diduplikasi","Ring Klip HW","Kedai HW","Rp 9,000.00","Rp 9,000.00","125.00 Pieces","Tunggal","","","","0111"
"","","TindakanToggle Dropdown Label Melihat Edit Hapus Tambah & edit stok awal Riwayat stok produk Produk diduplikasi","Ring Klip HW Seri B","Kedai HW","Rp 7,000.00","Rp 7,000.00","772.00 Pieces","Tunggal","","","","0244"
"","","TindakanToggle Dropdown Label Melihat Edit Hapus Tambah & edit stok awal Riwayat stok produk Produk diduplikasi","Ring Kuningan Bulat","Kedai HW","Rp 13,000.00","Rp 13,000.00","9,996.00 Pieces","Tunggal","","","","0137"
"","","TindakanToggle Dropdown Label Melihat Edit Hapus Tambah & edit stok awal Riwayat stok produk Produk diduplikasi","Ring Kuningan Fiber","Kedai HW","Rp 10,000.00","Rp 10,000.00","9,948.00 Pieces","Tunggal","","","","0136"
"","","TindakanToggle Dropdown Label Melihat Edit Hapus Tambah & edit stok awal Riwayat stok produk Produk diduplikasi","Ring Kuningan Seri A","Kedai HW","Rp 15,000.00","Rp 15,000.00","9,922.00 Pieces","Tunggal","","","","0027"
"","","TindakanToggle Dropdown Label Melihat Edit Hapus Tambah & edit stok awal Riwayat stok produk Produk diduplikasi","Ring Rotan Sintetis","Kedai HW","Rp 1,500.00","Rp 1,500.00","7,743.00 Pieces","Tunggal","","","","0145"
"","","TindakanToggle Dropdown Label Melihat Edit Hapus Tambah & edit stok awal Riwayat stok produk Produk diduplikasi","Ring Rotan Standar","Kedai HW","Rp 1,000.00","Rp 1,000.00","9,443.00 Pieces","Tunggal","","","","0144"
"","","TindakanToggle Dropdown Label Melihat Edit Hapus Tambah & edit stok awal Riwayat stok produk Produk diduplikasi","Rompi Anak","Kedai HW","Rp 90,000.00","Rp 90,000.00","959.00 Pieces","Tunggal","","","","0301"
"","","TindakanToggle Dropdown Label Melihat Edit Hapus Tambah & edit stok awal Riwayat stok produk Produk diduplikasi Brosur produk","Rompi Dewasa","Kedai HW","Rp 100,000.00","Rp 100,000.00","443.00 Pieces","Tunggal","","","","4554"
"","","TindakanToggle Dropdown Label Melihat Edit Hapus Tambah & edit stok awal Riwayat stok produk Produk diduplikasi","Sabuk HW Bisban B","Kedai HW","Rp 15,000.00","Rp 20,000.00","9,800.00 Pieces","Tunggal","","","","0263"
"","","TindakanToggle Dropdown Label Melihat Edit Hapus Tambah & edit stok awal Riwayat stok produk Produk diduplikasi","Sabuk Tapak Suci","Kedai HW","Rp 10,000.00","Rp 15,000.00","900.00 Pieces","Tunggal","","","","231"
"","","TindakanToggle Dropdown Label Melihat Edit Hapus Tambah & edit stok awal Riwayat stok produk Produk diduplikasi","Sarung Tangan Putih","Kedai HW","Rp 2,500.00","Rp 7,000.00","945.00 Pieces","Tunggal","","","","0235"
"","","TindakanToggle Dropdown Label Melihat Edit Hapus Tambah & edit stok awal Riwayat stok produk Produk diduplikasi","Scarf Pandu Eksklusif","Kedai HW","Rp 25,000.00","Rp 25,000.00","9,856.00 Pieces","Tunggal","","","","0157"
"","","TindakanToggle Dropdown Label Melihat Edit Hapus Tambah & edit stok awal Riwayat stok produk Produk diduplikasi","Scarf Pandu Seri A","Kedai HW","Rp 20,000.00","Rp 20,000.00","9,855.00 Pieces","Tunggal","","","","0155"
"","","TindakanToggle Dropdown Label Melihat Edit Hapus Tambah & edit stok awal Riwayat stok produk Produk diduplikasi","Scarf Pandu Seri B","Kedai HW","Rp 18,000.00","Rp 18,000.00","9,795.00 Pieces","Tunggal","","","","0156"
"","","TindakanToggle Dropdown Label Melihat Edit Hapus Tambah & edit stok awal Riwayat stok produk Produk diduplikasi","Scarf Seri B (Glowin)","Kedai HW","Rp 15,000.00","Rp 15,000.00","566.00 Pieces","Tunggal","","","","0206"
"","","TindakanToggle Dropdown Label Melihat Edit Hapus Tambah & edit stok awal Riwayat stok produk Produk diduplikasi","Sepatu PDL","Kedai HW","Rp 220,000.00","Rp 220,000.00","1,000.00 Pieces","Tunggal","","","","0175"
"","","TindakanToggle Dropdown Label Melihat Edit Hapus Tambah & edit stok awal Riwayat stok produk Produk diduplikasi","Seragam HW Athfal Putra Seri A Stell","Kedai HW","Rp 185,000.00","Rp 185,000.00","9,966.00 Sepasang","Tunggal","","","","0072"
"","","TindakanToggle Dropdown Label Melihat Edit Hapus Tambah & edit stok awal Riwayat stok produk Produk diduplikasi","Seragam HW Athfal Putra Seri B Stell","Kedai HW","Rp 175,000.00","Rp 175,000.00","9,816.00 Sepasang","Tunggal","","","","0073"
"","","TindakanToggle Dropdown Label Melihat Edit Hapus Tambah & edit stok awal Riwayat stok produk Produk diduplikasi","Seragam HW Athfal Putra Seri C","Kedai HW","Rp 115,000.00","Rp 115,000.00","9,911.00 Sepasang","Tunggal","","","","0074"
"","","TindakanToggle Dropdown Label Melihat Edit Hapus Tambah & edit stok awal Riwayat stok produk Produk diduplikasi","Seragam HW Athfal Putri Seri A","Kedai HW","Rp 195,000.00","Rp 195,000.00","980.00 Sepasang","Tunggal","","","","0085"
"","","TindakanToggle Dropdown Label Melihat Edit Hapus Tambah & edit stok awal Riwayat stok produk Produk diduplikasi","Seragam HW Athfal Putri Seri B","Kedai HW","Rp 185,000.00","Rp 185,000.00","856.00 Sepasang","Tunggal","","","","0086"
"","","TindakanToggle Dropdown Label Melihat Edit Hapus Tambah & edit stok awal Riwayat stok produk Produk diduplikasi","Seragam HW Athfal Putri Seri C","Kedai HW","Rp 125,000.00","Rp 125,000.00","975.00 Sepasang","Tunggal","","","","0087"
"","","TindakanToggle Dropdown Label Melihat Edit Hapus Tambah & edit stok awal Riwayat stok produk Produk diduplikasi","Seragam HW PAUD Seri B Putra","Kedai HW","Rp 90,000.00","Rp 100,000.00","641.00 Setelan","Tunggal","","","","20021"
"","","TindakanToggle Dropdown Label Melihat Edit Hapus Tambah & edit stok awal Riwayat stok produk Produk diduplikasi","Seragam HW PAUD Seri B Putri","Kedai HW","Rp 95,000.00","Rp 105,000.00","689.00 Setelan","Tunggal","","","","20010"
"","","TindakanToggle Dropdown Label Melihat Edit Hapus Tambah & edit stok awal Riwayat stok produk Produk diduplikasi Brosur produk","Seragam HW PAUD Seri C Putri","Kedai HW","Rp 80,000.00","Rp 105,000.00","991.00 Setelan","Tunggal","","","","031000"
"","","TindakanToggle Dropdown Label Melihat Edit Hapus Tambah & edit stok awal Riwayat stok produk Produk diduplikasi Brosur produk","Seragam HW PAUD/TK Seri C Putra","Kedai HW","Rp 90,000.00","Rp 100,000.00","992.00 Setelan","Tunggal","","","","03100"
"","","TindakanToggle Dropdown Label Melihat Edit Hapus Tambah & edit stok awal Riwayat stok produk Produk diduplikasi","Seragam HW Pengenal Putra Seri A","Kedai HW","Rp 210,000.00","Rp 210,000.00","10,000.00 Sepasang","Tunggal","","","","0077"
"","","TindakanToggle Dropdown Label Melihat Edit Hapus Tambah & edit stok awal Riwayat stok produk Produk diduplikasi","Seragam HW Pengenal Putra Seri B","Kedai HW","Rp 200,000.00","Rp 200,000.00","9,845.00 Sepasang","Tunggal","","","","0076"
"","","TindakanToggle Dropdown Label Melihat Edit Hapus Tambah & edit stok awal Riwayat stok produk Produk diduplikasi","Seragam HW Pengenal Putra Seri C","Kedai HW","Rp 135,000.00","Rp 135,000.00","9,994.00 Sepasang","Tunggal","","","","0075"
"","","TindakanToggle Dropdown Label Melihat Edit Hapus Tambah & edit stok awal Riwayat stok produk Produk diduplikasi","Seragam HW Pengenal Putri Seri A","Kedai HW","Rp 220,000.00","Rp 225,000.00","10,000.00 Sepasang","Tunggal","","","","0082"
"","","TindakanToggle Dropdown Label Melihat Edit Hapus Tambah & edit stok awal Riwayat stok produk Produk diduplikasi","Seragam HW Pengenal Putri Seri B","Kedai HW","Rp 210,000.00","Rp 210,000.00","831.00 Sepasang","Tunggal","","","","0083"
"","","TindakanToggle Dropdown Label Melihat Edit Hapus Tambah & edit stok awal Riwayat stok produk Produk diduplikasi","Seragam HW Pengenal Putri Seri C","Kedai HW","Rp 145,000.00","Rp 145,000.00","1,000.00 Sepasang","Tunggal","","","","0084"
"","","TindakanToggle Dropdown Label Melihat Edit Hapus Tambah & edit stok awal Riwayat stok produk Produk diduplikasi","Seragam HW Penghela/ Penuntun/ Dewasa Putra Seri A","Kedai HW","Rp 230,000.00","Rp 230,000.00","9,867.00 Sepasang","Tunggal","","","","0079"
"","","TindakanToggle Dropdown Label Melihat Edit Hapus Tambah & edit stok awal Riwayat stok produk Produk diduplikasi","Seragam HW Penghela/ Penuntun/ Dewasa Putra Seri B","Kedai HW","Rp 220,000.00","Rp 225,000.00","9,925.00 Sepasang","Tunggal","","","","0078"
"","","TindakanToggle Dropdown Label Melihat Edit Hapus Tambah & edit stok awal Riwayat stok produk Produk diduplikasi","Seragam HW Penghela/ Penuntun/ Dewasa Putri Seri A","Kedai HW","Rp 240,000.00","Rp 240,000.00","831.00 Sepasang","Tunggal","","","","0080"
"","","TindakanToggle Dropdown Label Melihat Edit Hapus Tambah & edit stok awal Riwayat stok produk Produk diduplikasi","Seragam HW Penghela/ Penuntun/ Dewasa Putri Seri B","Kedai HW","Rp 230,000.00","Rp 235,000.00","9,900.00 Sepasang","Tunggal","","","","0081"
"","","TindakanToggle Dropdown Label Melihat Edit Hapus Tambah & edit stok awal Riwayat stok produk Produk diduplikasi","Seragam Kokam Stell Doreng Baru","Kedai HW","Rp 290,000.00","Rp 300,000.00","80.00 Sepasang","Tunggal","","","","0216"
"","","TindakanToggle Dropdown Label Melihat Edit Hapus Tambah & edit stok awal Riwayat stok produk Produk diduplikasi","Seragam Olahraga Stell SMP","Kedai HW","Rp 90,000.00","Rp 130,000.00","972.00 Sepasang","Tunggal","","","","1300000"
"","","TindakanToggle Dropdown Label Melihat Edit Hapus Tambah & edit stok awal Riwayat stok produk Produk diduplikasi","Seragam Tapak Suci SD Seri A","Kedai HW","Rp 125,000.00","Rp 125,000.00","1,000.00 Pieces","Tunggal","","","","0198"
"","","TindakanToggle Dropdown Label Melihat Edit Hapus Tambah & edit stok awal Riwayat stok produk Produk diduplikasi","Seragam Tapak Suci SD Seri A","Kedai HW","Rp 125,000.00","Rp 125,000.00","9,964.00 Pieces","Tunggal","","","","0160"
"","","TindakanToggle Dropdown Label Melihat Edit Hapus Tambah & edit stok awal Riwayat stok produk Produk diduplikasi","Seragam Tapak Suci SMA Seri A","Kedai HW","Rp 140,000.00","Rp 140,000.00","10,000.00 Pieces","Tunggal","","","","0158"
"","","TindakanToggle Dropdown Label Melihat Edit Hapus Tambah & edit stok awal Riwayat stok produk Produk diduplikasi","Seragam Tapak Suci SMP Seri A","Kedai HW","Rp 130,000.00","Rp 130,000.00","10,000.00 Pieces","Tunggal","","","","0159"
"","","TindakanToggle Dropdown Label Melihat Edit Hapus Tambah & edit stok awal Riwayat stok produk Produk diduplikasi","Seragam Tapak Suci TK Paud","Kedai HW","Rp 95,000.00","Rp 95,000.00","10,000.00 Pieces","Tunggal","","","","0161"
"","","TindakanToggle Dropdown Label Melihat Edit Hapus Tambah & edit stok awal Riwayat stok produk Produk diduplikasi","Seragam Tunas Athfal Seri A","Kedai HW","Rp 120,000.00","Rp 120,000.00","98.00 Pieces","Tunggal","","","","0194"
"","","TindakanToggle Dropdown Label Melihat Edit Hapus Tambah & edit stok awal Riwayat stok produk Produk diduplikasi","Seragam Tunas Athfal Seri B","Kedai HW","Rp 110,000.00","Rp 110,000.00","75.00 Pieces","Tunggal","","","","0195"
"","","TindakanToggle Dropdown Label Melihat Edit Hapus Tambah & edit stok awal Riwayat stok produk Produk diduplikasi","Seragam Tunas Athfal Seri C","Kedai HW","Rp 95,000.00","Rp 95,000.00","100.00 Pieces","Tunggal","","","","0196"
"","","TindakanToggle Dropdown Label Melihat Edit Hapus Tambah & edit stok awal Riwayat stok produk Produk diduplikasi Brosur produk","SET Lengkap KOKAM Baru","Kedai HW","Rp 600,000.00","Rp 645,000.00","994.00 Setelan","Tunggal","","","","12121"
"","","TindakanToggle Dropdown Label Melihat Edit Hapus Tambah & edit stok awal Riwayat stok produk Produk diduplikasi","Stik Semafor","Kedai HW","Rp 5,000.00","Rp 5,000.00","10,000.00 Sepasang","Tunggal","","","","0088"
"","","TindakanToggle Dropdown Label Melihat Edit Hapus Tambah & edit stok awal Riwayat stok produk Produk diduplikasi","Tali Koor Komando","Kedai HW","Rp 35,000.00","Rp 35,000.00","834.00 Pieces","Tunggal","","","","0247"
"","","TindakanToggle Dropdown Label Melihat Edit Hapus Tambah & edit stok awal Riwayat stok produk Produk diduplikasi","Tali Pandu HW 10 Meter","Kedai HW","Rp 8,000.00","Rp 8,000.00","8,987.00 Pieces","Tunggal","","","","0118"
"","","TindakanToggle Dropdown Label Melihat Edit Hapus Tambah & edit stok awal Riwayat stok produk Produk diduplikasi","Tali Pandu HW 5 Meter","Kedai HW","Rp 5,000.00","Rp 5,000.00","254.00 Pieces","Tunggal","","","","0117"
"","","TindakanToggle Dropdown Label Melihat Edit Hapus Tambah & edit stok awal Riwayat stok produk Produk diduplikasi","Tali Peluit Hitam","Kedai HW","Rp 8,000.00","Rp 8,000.00","877.00 Pieces","Tunggal","","","","0052"
"","","TindakanToggle Dropdown Label Melihat Edit Hapus Tambah & edit stok awal Riwayat stok produk Produk diduplikasi","Tali Peluit Koord Seri B","Kedai HW","Rp 6,000.00","Rp 6,000.00","884.00 Pieces","Tunggal","","","","0105"
"","","TindakanToggle Dropdown Label Melihat Edit Hapus Tambah & edit stok awal Riwayat stok produk Produk diduplikasi","Tanda Baret Kokam Seri A","Kedai HW","Rp 40,000.00","Rp 40,000.00","9,991.00 Pieces","Tunggal","","","","0163"
"","","TindakanToggle Dropdown Label Melihat Edit Hapus Tambah & edit stok awal Riwayat stok produk Produk diduplikasi","Tanda Baret Kokam Seri B","Kedai HW","Rp 25,000.00","Rp 25,000.00","9,990.00 Pieces","Tunggal","","","","0164"
"","","TindakanToggle Dropdown Label Melihat Edit Hapus Tambah & edit stok awal Riwayat stok produk Produk diduplikasi","Tanda Baret/ Topi Pengenal Fiber","Kedai HW","Rp 5,000.00","Rp 5,000.00","9,227.00 Pieces","Tunggal","","","","0149"
"","","TindakanToggle Dropdown Label Melihat Edit Hapus Tambah & edit stok awal Riwayat stok produk Produk diduplikasi","Tanda Baret/ Topi Pengenal Mika","Kedai HW","Rp 2,000.00","Rp 2,000.00","9,648.00 Pieces","Tunggal","","","","0150"
"","","TindakanToggle Dropdown Label Melihat Edit Hapus Tambah & edit stok awal Riwayat stok produk Produk diduplikasi","Tanda Baret/ Topi Penghela Fiber","Kedai HW","Rp 5,000.00","Rp 5,000.00","9,955.00 Pieces","Tunggal","","","","0151"
"","","TindakanToggle Dropdown Label Melihat Edit Hapus Tambah & edit stok awal Riwayat stok produk Produk diduplikasi","Tanda Baret/ Topi Penghela Mika","Kedai HW","Rp 2,000.00","Rp 2,000.00","9,460.00 Pieces","Tunggal","","","","0152"
"","","TindakanToggle Dropdown Label Melihat Edit Hapus Tambah & edit stok awal Riwayat stok produk Produk diduplikasi","Tanda Baret/ Topi Penuntun/ Dewasa Fiber Seri A","Kedai HW","Rp 10,000.00","Rp 10,000.00","9,995.00 Pieces","Tunggal","","","","0153"
"","","TindakanToggle Dropdown Label Melihat Edit Hapus Tambah & edit stok awal Riwayat stok produk Produk diduplikasi","Tanda Baret/ Topi Penuntun/ Dewasa Fiber Seri B","Kedai HW","Rp 5,000.00","Rp 5,000.00","9,976.00 Pieces","Tunggal","","","","0154"
"","","TindakanToggle Dropdown Label Melihat Edit Hapus Tambah & edit stok awal Riwayat stok produk Produk diduplikasi","Tanda Dasi Pin","Kedai HW","Rp 12,000.00","Rp 12,000.00","1,000.00 Pieces","Tunggal","","","","0282"
"","","TindakanToggle Dropdown Label Melihat Edit Hapus Tambah & edit stok awal Riwayat stok produk Produk diduplikasi","Tanda Jabatan Dewan Sugli (A)","Kedai HW","Rp 30,000.00","Rp 30,000.00","867.00 Pieces","Tunggal","","","","0046"
"","","TindakanToggle Dropdown Label Melihat Edit Hapus Tambah & edit stok awal Riwayat stok produk Produk diduplikasi","Tanda Jabatan Kwarda Seri A","Kedai HW","Rp 40,000.00","Rp 40,000.00","981.00 Pieces","Tunggal","","","","0036"
"","","TindakanToggle Dropdown Label Melihat Edit Hapus Tambah & edit stok awal Riwayat stok produk Produk diduplikasi","Tanda Jabatan Kwarda Seri B","Kedai HW","Rp 15,000.00","Rp 15,000.00","9,936.00 Pieces","Tunggal","","","","0031"
"","","TindakanToggle Dropdown Label Melihat Edit Hapus Tambah & edit stok awal Riwayat stok produk Produk diduplikasi","Tanda Jabatan Kwarwil Seri A","Kedai HW","Rp 40,000.00","Rp 40,000.00","973.00 Pieces","Tunggal","","","","0034"
"","","TindakanToggle Dropdown Label Melihat Edit Hapus Tambah & edit stok awal Riwayat stok produk Produk diduplikasi","Tanda Jabatan Kwarwil Seri B","Kedai HW","Rp 15,000.00","Rp 15,000.00","9,970.00 Pieces","Tunggal","","","","0032"
"","","TindakanToggle Dropdown Label Melihat Edit Hapus Tambah & edit stok awal Riwayat stok produk Produk diduplikasi","Tanda Jabatan Pelatih","Kedai HW","Rp 35,000.00","Rp 40,000.00","98.00 Pieces","Tunggal","","","","31233"
"","","TindakanToggle Dropdown Label Melihat Edit Hapus Tambah & edit stok awal Riwayat stok produk Produk diduplikasi","Tanda Jabatan Pelatih (Jaya Melati 1)","Kedai HW","Rp 25,000.00","Rp 25,000.00","991.00 Pieces","Tunggal","","","","0047"
"","","TindakanToggle Dropdown Label Melihat Edit Hapus Tambah & edit stok awal Riwayat stok produk Produk diduplikasi","Tanda Jabatan Pengenal Pinru  Pita (1,2, 3)","Kedai HW","Rp 2,000.00","Rp 3,000.00","712.00 Pieces","Tunggal","","","","0190"
"","","TindakanToggle Dropdown Label Melihat Edit Hapus Tambah & edit stok awal Riwayat stok produk Produk diduplikasi","Tanda Jabatan Penghela","Kedai HW","Rp 2,000.00","Rp 3,000.00","809.00 Pieces","Tunggal","","","","0214"
"","","TindakanToggle Dropdown Label Melihat Edit Hapus Tambah & edit stok awal Riwayat stok produk Produk diduplikasi","Tanda Jabatan Qabilah/ Kwarcab Seri A","Kedai HW","Rp 40,000.00","Rp 40,000.00","946.00 Pieces","Tunggal","","","","0037"
"","","TindakanToggle Dropdown Label Melihat Edit Hapus Tambah & edit stok awal Riwayat stok produk Produk diduplikasi","Tanda Jabatan Qabilah/ Kwarcab Seri B","Kedai HW","Rp 15,000.00","Rp 15,000.00","9,902.00 Pieces","Tunggal","","","","0029"
"","","TindakanToggle Dropdown Label Melihat Edit Hapus Tambah & edit stok awal Riwayat stok produk Produk diduplikasi","Tanda Kawan Penghela Bordir","Kedai HW","Rp 3,000.00","Rp 3,000.00","9,653.00 Pieces","Tunggal","","","","0171"
"","","TindakanToggle Dropdown Label Melihat Edit Hapus Tambah & edit stok awal Riwayat stok produk Produk diduplikasi","Tanda Kenaikan Tingkat Athfal - Melati 1 2 3","Kedai HW","Rp 3,000.00","Rp 3,000.00","8,065.00 Pieces","Tunggal","","","","0172"
"","","TindakanToggle Dropdown Label Melihat Edit Hapus Tambah & edit stok awal Riwayat stok produk Produk diduplikasi","Tanda Kenaikan Tingkat Pengenal - Purwa Madya Utama","Kedai HW","Rp 3,000.00","Rp 3,000.00","6,586.00 Pieces","Tunggal","","","","0173"
"","","TindakanToggle Dropdown Label Melihat Edit Hapus Tambah & edit stok awal Riwayat stok produk Produk diduplikasi","Tanda Kenaikan Tingkat Penuntun","Kedai HW","Rp 10,000.00","Rp 10,000.00","9,970.00 Pieces","Tunggal","","","","0174"
"","","TindakanToggle Dropdown Label Melihat Edit Hapus Tambah & edit stok awal Riwayat stok produk Produk diduplikasi","Tanda Kuntum Athfal","Kedai HW","Rp 3,000.00","Rp 3,000.00","525.00 Pieces","Tunggal","","","","0169"
"","","TindakanToggle Dropdown Label Melihat Edit Hapus Tambah & edit stok awal Riwayat stok produk Produk diduplikasi","Tanda Peci Mut","Kedai HW","Rp 10,000.00","Rp 10,000.00","950.00 Pieces","Tunggal","","","","0225"
"","","TindakanToggle Dropdown Label Melihat Edit Hapus Tambah & edit stok awal Riwayat stok produk Produk diduplikasi","Tanda Pelantikan Athfal Bordir","Kedai HW","Rp 3,000.00","Rp 3,000.00","9,107.00 Pieces","Tunggal","","","","0165"
"","","TindakanToggle Dropdown Label Melihat Edit Hapus Tambah & edit stok awal Riwayat stok produk Produk diduplikasi","Tanda Pelantikan dan Jabatan Dewan Sugli","Kedai HW","Rp 45,000.00","Rp 45,000.00","989.00 Sepasang","Tunggal","","","","0050"
"","","TindakanToggle Dropdown Label Melihat Edit Hapus Tambah & edit stok awal Riwayat stok produk Produk diduplikasi","Tanda Pelantikan dan Jabatan Kwarda Seri B","Kedai HW","Rp 32,000.00","Rp 32,000.00","999.00 Sepasang","Tunggal","","","","0042"
"","","TindakanToggle Dropdown Label Melihat Edit Hapus Tambah & edit stok awal Riwayat stok produk Produk diduplikasi","Tanda Pelantikan dan Jabatan Kwarwil Seri B","Kedai HW","Rp 32,000.00","Rp 32,000.00","9,999.00 Sepasang","Tunggal","","","","0039"
"","","TindakanToggle Dropdown Label Melihat Edit Hapus Tambah & edit stok awal Riwayat stok produk Produk diduplikasi","Tanda Pelantikan dan Jabatan Qabilah/ Kwarcab Seri B","Kedai HW","Rp 32,000.00","Rp 32,000.00","9,922.00 Sepasang","Tunggal","","","","0045"
"","","TindakanToggle Dropdown Label Melihat Edit Hapus Tambah & edit stok awal Riwayat stok produk Produk diduplikasi","Tanda Pelantikan Kuningan A","Kedai HW","Rp 18,000.00","Rp 18,000.00","9,740.00 Pieces","Tunggal","","","","0181"
"","","TindakanToggle Dropdown Label Melihat Edit Hapus Tambah & edit stok awal Riwayat stok produk Produk diduplikasi","Tanda Pelantikan Pengenal Bordir","Kedai HW","Rp 3,000.00","Rp 3,000.00","8,426.00 Pieces","Tunggal","","","","0166"
"","","TindakanToggle Dropdown Label Melihat Edit Hapus Tambah & edit stok awal Riwayat stok produk Produk diduplikasi","Tanda Pelantikan Penghela Bordir","Kedai HW","Rp 3,000.00","Rp 3,000.00","8,931.00 Pieces","Tunggal","","","","0167"
"","","TindakanToggle Dropdown Label Melihat Edit Hapus Tambah & edit stok awal Riwayat stok produk Produk diduplikasi","Tanda Pelantikan Seri B","Kedai HW","Rp 10,000.00","Rp 12,000.00","1,068.00 Pieces","Tunggal","","","","12001"
"","","TindakanToggle Dropdown Label Melihat Edit Hapus Tambah & edit stok awal Riwayat stok produk Produk diduplikasi","Tanda Pelantikan Tunas Athfal Bordir","Kedai HW","Rp 3,000.00","Rp 3,000.00","9,950.00 Pieces","Tunggal","","","","0168"
"","","TindakanToggle Dropdown Label Melihat Edit Hapus Tambah & edit stok awal Riwayat stok produk Produk diduplikasi","Tanda Penghargaan Pengenal","Kedai HW","Rp 2,000.00","Rp 3,000.00","990.00 Pieces","Tunggal","","","","0189"
"","","TindakanToggle Dropdown Label Melihat Edit Hapus Tambah & edit stok awal Riwayat stok produk Produk diduplikasi","Tanda Regu Pengenal Bordir","Kedai HW","Rp 3,000.00","Rp 3,000.00","7,445.00 Pieces","Tunggal","","","","0170"
"","","TindakanToggle Dropdown Label Melihat Edit Hapus Tambah & edit stok awal Riwayat stok produk Produk diduplikasi","Taplak Muhammadiyah","Kedai HW","Rp 65,000.00","Rp 65,000.00","9,960.00 Pieces","Tunggal","","","","0176"
"","","TindakanToggle Dropdown Label Melihat Edit Hapus Tambah & edit stok awal Riwayat stok produk Produk diduplikasi","Taruna Bordir","Kedai HW","Rp 8,000.00","Rp 10,000.00","556.00 Sepasang","Tunggal","","","","12000"
"","","TindakanToggle Dropdown Label Melihat Edit Hapus Tambah & edit stok awal Riwayat stok produk Produk diduplikasi","Taruna Melati 1 Bordir","Kedai HW","Rp 10,000.00","Rp 10,000.00","154.00 Pieces","Tunggal","","","","0276"
"","","TindakanToggle Dropdown Label Melihat Edit Hapus Tambah & edit stok awal Riwayat stok produk Produk diduplikasi","Taruna Melati 1 Penghela Seri A","Kedai HW","Rp 10,000.00","Rp 10,000.00","7,877.00 Sepasang","Tunggal","","","","0106"
"","","TindakanToggle Dropdown Label Melihat Edit Hapus Tambah & edit stok awal Riwayat stok produk Produk diduplikasi","Taruna Melati 1 Penghela Seri B","Kedai HW","Rp 9,000.00","Rp 9,000.00","9,571.00 Sepasang","Tunggal","","","","0107"
"","","TindakanToggle Dropdown Label Melihat Edit Hapus Tambah & edit stok awal Riwayat stok produk Produk diduplikasi","Taruna Melati 2 Penghela Seri A","Kedai HW","Rp 10,000.00","Rp 10,000.00","84.00 Sepasang","Tunggal","","","","0108"
"","","TindakanToggle Dropdown Label Melihat Edit Hapus Tambah & edit stok awal Riwayat stok produk Produk diduplikasi","Taruna Melati 2 Penghela Seri B","Kedai HW","Rp 9,000.00","Rp 9,000.00","10,000.00 Sepasang","Tunggal","","","","0109"
"","","TindakanToggle Dropdown Label Melihat Edit Hapus Tambah & edit stok awal Riwayat stok produk Produk diduplikasi","Tas Goody Bag","Kedai HW","Rp 7,500.00","Rp 7,500.00","940.00 Pieces","Tunggal","","","","0299"
"","","TindakanToggle Dropdown Label Melihat Edit Hapus Tambah & edit stok awal Riwayat stok produk Produk diduplikasi","Tenda Terpal 3 x 4","Kedai HW","Rp 700,000.00","Rp 800,000.00","0.00 Pieces","Tunggal","","","","0291"
"","","TindakanToggle Dropdown Label Melihat Edit Hapus Tambah & edit stok awal Riwayat stok produk Produk diduplikasi","Tenda Terpal 3 x 4 SET","Kedai HW","Rp 1,200,000.00","Rp 1,500,000.00","7.00 Pieces","Tunggal","","","","0292"
"","","TindakanToggle Dropdown Label Melihat Edit Hapus Tambah & edit stok awal Riwayat stok produk Produk diduplikasi","Tenda Terpal 4 x 6 SET","Kedai HW","Rp 3,000,000.00","Rp 3,750,000.00","8.00 Pieces","Tunggal","","","","0293"
"","","TindakanToggle Dropdown Label Melihat Edit Hapus Tambah & edit stok awal Riwayat stok produk Produk diduplikasi","Tenda Terpal Jeep 3 x 4 Meter","Kedai HW","Rp 1,900,000.00","Rp 1,900,000.00","98.00 Pieces","Tunggal","","","","0275"
"","","TindakanToggle Dropdown Label Melihat Edit Hapus Tambah & edit stok awal Riwayat stok produk Produk diduplikasi","Tiska Bordir","Kedai HW","Rp 5,000.00","Rp 5,000.00","915.00 Pieces","Tunggal","","","","0300"
"","","TindakanToggle Dropdown Label Melihat Edit Hapus Tambah & edit stok awal Riwayat stok produk Produk diduplikasi","Tongkat Bambu Cendani Standar","Kedai HW","Rp 7,000.00","Rp 7,000.00","9,692.00 Pieces","Tunggal","","","","0115"
"","","TindakanToggle Dropdown Label Melihat Edit Hapus Tambah & edit stok awal Riwayat stok produk Produk diduplikasi","Tongkat Bambu Cendani Warna","Kedai HW","Rp 8,000.00","Rp 8,000.00","9,607.00 Pieces","Tunggal","","","","0114"
"","","TindakanToggle Dropdown Label Melihat Edit Hapus Tambah & edit stok awal Riwayat stok produk Produk diduplikasi","Tongkat Bambu Standar","Kedai HW","Rp 5,000.00","Rp 5,000.00","10,000.00 Pieces","Tunggal","","","","0113"
"","","TindakanToggle Dropdown Label Melihat Edit Hapus Tambah & edit stok awal Riwayat stok produk Produk diduplikasi","Tongkat Kayu Warna","Kedai HW","Rp 12,000.00","Rp 12,000.00","9,814.00 Pieces","Tunggal","","","","0116"
"","","TindakanToggle Dropdown Label Melihat Edit Hapus Tambah & edit stok awal Riwayat stok produk Produk diduplikasi","Topi Athfal Bordir Seri A","Kedai HW","Rp 15,000.00","Rp 15,000.00","8,644.00 Pieces","Tunggal","","","","0055"
"","","TindakanToggle Dropdown Label Melihat Edit Hapus Tambah & edit stok awal Riwayat stok produk Produk diduplikasi","Topi Athfal Bordir Seri B","Kedai HW","Rp 14,000.00","Rp 14,000.00","468.00 Pieces","Tunggal","","","","0057"
"","","TindakanToggle Dropdown Label Melihat Edit Hapus Tambah & edit stok awal Riwayat stok produk Produk diduplikasi","Topi Athfal Sablon","Kedai HW","Rp 12,000.00","Rp 12,000.00","201.00 Pieces","Tunggal","","","","0058"
"","","TindakanToggle Dropdown Label Melihat Edit Hapus Tambah & edit stok awal Riwayat stok produk Produk diduplikasi","Topi Athfal Sablon Seri B","Kedai HW","Rp 11,000.00","Rp 11,000.00","9,590.00 Pieces","Tunggal","","","","0266"
"","","TindakanToggle Dropdown Label Melihat Edit Hapus Tambah & edit stok awal Riwayat stok produk Produk diduplikasi","Topi HW Paud/TK Seri B","Kedai HW","Rp 10,000.00","Rp 14,000.00","712.00 Pieces","Tunggal","","","","20019"
"","","TindakanToggle Dropdown Label Melihat Edit Hapus Tambah & edit stok awal Riwayat stok produk Produk diduplikasi Brosur produk","Topi Jaring HW","Kedai HW","Rp 30,000.00","Rp 40,000.00","817.00 Pieces","Tunggal","","","","12311"
"","","TindakanToggle Dropdown Label Melihat Edit Hapus Tambah & edit stok awal Riwayat stok produk Produk diduplikasi","Topi Jaring Padi Kapas HW","Kedai HW","Rp 45,000.00","Rp 45,000.00","825.00 Pieces","Tunggal","","","","0179"
"","","TindakanToggle Dropdown Label Melihat Edit Hapus Tambah & edit stok awal Riwayat stok produk Produk diduplikasi","Topi Pengenal Putri","Kedai HW","Rp 16,000.00","Rp 16,000.00","7,304.00 Pieces","Tunggal","","","","0020"
"","","TindakanToggle Dropdown Label Melihat Edit Hapus Tambah & edit stok awal Riwayat stok produk Produk diduplikasi","Topi Penghela Putri","Kedai HW","Rp 16,000.00","Rp 16,000.00","9,056.00 Pieces","Tunggal","","","","0021"
"","","TindakanToggle Dropdown Label Melihat Edit Hapus Tambah & edit stok awal Riwayat stok produk Produk diduplikasi","Topi penuntun/ Pelatih Putri","Kedai HW","Rp 35,000.00","Rp 35,000.00","9,996.00 Pieces","Tunggal","","","","0061"
"","","TindakanToggle Dropdown Label Melihat Edit Hapus Tambah & edit stok awal Riwayat stok produk Produk diduplikasi","Topi Rimba Seri A","Kedai HW","Rp 45,000.00","Rp 45,000.00","413.00 Pieces","Tunggal","","","","0110"
"","","TindakanToggle Dropdown Label Melihat Edit Hapus Tambah & edit stok awal Riwayat stok produk Produk diduplikasi","Topi Sekolah SMP Bordir Custom","Kedai HW","Rp 14,000.00","Rp 14,000.00","900.00 Pieces","Tunggal","","","","0218"
"","","TindakanToggle Dropdown Label Melihat Edit Hapus Tambah & edit stok awal Riwayat stok produk Produk diduplikasi","Topi Tunas Athfal Paud Seri A","Kedai HW","Rp 20,000.00","Rp 20,000.00","8,402.00 Pieces","Tunggal","","","","0024"
"","","TindakanToggle Dropdown Label Melihat Edit Hapus Tambah & edit stok awal Riwayat stok produk Produk diduplikasi","Topi Tunas Athfal Seri B","Kedai HW","Rp 17,500.00","Rp 17,500.00","629.00 Pieces","Tunggal","","","","0260"
"","","TindakanToggle Dropdown Label Melihat Edit Hapus Tambah & edit stok awal Riwayat stok produk Produk diduplikasi","Umbul - umbul Printing 4 Meter","Kedai HW","Rp 100,000.00","Rp 100,000.00","982.00 Pieces","Tunggal","","","","0236"
"","","TindakanToggle Dropdown Label Melihat Edit Hapus Tambah & edit stok awal Riwayat stok produk Produk diduplikasi","Umbul Ortom 5 Meter","Kedai HW","Rp 70,000.00","Rp 70,000.00","985.00 Pieces","Tunggal","","","","0188"
"","","TindakanToggle Dropdown Label Melihat Edit Hapus Tambah & edit stok awal Riwayat stok produk Produk diduplikasi","Wing Sayap HW","Kedai HW","Rp 10,000.00","Rp 10,000.00","980.00 Pieces","Tunggal","","","","0283"
"","","","","","","","","","","","",""
